Bins,vm1,qm1,tm1,um1
100,3.865267124043974,,,
200,4.859617000749138,,,
400,5.858156865675997,,,
800,6.857788160375801,,,
1600,7.857677571449143,,,
3200,,,,
6400,,,,
12800,,,,
25600,,,,
51200,,,,
102400,,,,
204800,,,,
409600,,,,
819200,,,,
1638400,,,,
3276800,,,,
6553600,,,,
13107200,,,,
26214400,,,,
52428800,,,,
104857600,,,,
209715200,,,,
419430400,,,,
838860800,,,,
1677721600,,,,
3355443200,,,,
6710886400,,,,
13421772800,,,,
26843545600,,,,
53687091200,,,,
107374182400,,,,
214748364800,,,,
